1,大学生花费调查,0,2020-12-10 10:37:31
2,bigboom,0,2020-12-10 10:39:54
5,123,0,2020-12-11 22:59:02
6,武术训练,0,2020-12-11 23:00:25
7,gugugu,0,2020-12-11 23:02:59
8,1234,0,2020-12-11 23:08:58
9,武术训练2,0,2020-12-11 23:38:12
10,武术训练2,0,2020-12-11 23:38:17
11,武术训练2,0,2020-12-11 23:39:22
12,武术训练,0,2020-12-11 23:39:28
14,12316,0,2020-12-11 23:45:21
20,barg,0,2020-12-12 00:19:56
22,aarav  ,0,2020-12-12 00:20:03
28,武术训练,0,2020-12-13 18:05:41
29,武术训练,0,2020-12-13 20:05:11
30,Mr.huang,0,2020-12-14 19:42:05
31,Mr.huang,0,2020-12-14 19:43:42
34,Mr.huang,0,2020-12-14 21:39:54
37,Mr.huang,0,2020-12-14 21:41:24
39,Mr.huang,0,2020-12-14 21:43:10
46,Mr.huang,0,2020-12-14 22:09:07
50,Mr.huang,0,2020-12-14 22:11:55
52,Mr.huang,0,2020-12-14 22:12:27
63,Mr.huang2,0,2020-12-14 22:24:54
64,Mr.huang2,0,2020-12-14 22:25:08
65,李小龙帅不帅,0,2020-12-15 08:24:51
